update,seen_steps,sps,mean_step_reward,episodes_ended,ep_return_ema,ep_len_ema,term_wall,term_obstacle,term_friendly,term_enemy,term_timeout,shots_fired,shots_hit,shots_hit_friendly,shots_missed,shot_hit_rate,friendly_fire_rate,kl,entropy,pg_loss,v_loss,eval_mean,eval_std,eval_len,best_eval
1,4096,2240,-0.312105,9,-103.690210,189.522222,0,6,2,1,0,198,11,5,182,0.055556,0.025253,0.002681,2.910606,-0.000232,352.282753,,,,-1000000000000000000.000000
2,8192,2428,-0.626295,14,-105.376191,183.720000,0,12,2,0,0,197,13,8,176,0.065990,0.040609,0.003726,2.908650,-0.000749,476.547443,,,,-1000000000000000000.000000
3,12288,2496,-0.467745,10,-116.330243,186.328000,0,8,1,1,0,192,3,5,184,0.015625,0.026042,0.002644,2.910063,-0.000735,396.912821,,,,-1000000000000000000.000000
4,16384,2532,-0.744726,18,-120.227492,199.217422,5,10,2,1,0,184,11,8,165,0.059783,0.043478,0.001598,2.923905,0.000125,612.948629,,,,-1000000000000000000.000000
5,20480,2553,-0.596725,12,-129.499308,197.779013,2,6,3,1,0,191,5,7,179,0.026178,0.036649,0.001803,2.932830,-0.001328,453.179320,,,,-1000000000000000000.000000
6,24576,2569,-0.473378,12,-129.572198,211.217779,4,5,2,1,0,180,7,4,169,0.038889,0.022222,0.001469,2.940621,-0.000809,353.951568,,,,-1000000000000000000.000000
7,28672,2580,-0.897754,21,-136.310368,211.043620,10,7,3,1,0,189,3,7,179,0.015873,0.037037,0.003197,2.943116,-0.001198,524.584923,,,,-1000000000000000000.000000
8,32768,2589,-0.511983,21,-133.808597,228.548782,6,11,1,0,3,181,5,2,174,0.027624,0.011050,0.002974,2.950013,-0.001706,280.305287,,,,-1000000000000000000.000000
9,36864,2595,-0.725628,21,-134.808925,224.065332,14,4,0,3,0,179,4,4,171,0.022346,0.022346,0.004107,2.951802,-0.002512,321.974797,,,,-1000000000000000000.000000
10,40960,2600,-0.629650,22,-133.927910,220.395163,12,9,0,1,0,175,9,4,162,0.051429,0.022857,0.001488,2.948410,-0.000467,407.126404,-74.619162,28.324701,518.75,-74.619162
11,45056,1751,-0.709177,21,-135.986922,216.827075,11,2,4,4,0,168,6,4,158,0.035714,0.023810,0.002276,2.955002,-0.001141,415.448240,,,,-74.619162
12,49152,1801,-0.613158,17,-134.097729,211.944367,4,11,1,1,0,171,5,4,162,0.029240,0.023392,0.002587,2.947993,-0.000790,325.389215,,,,-74.619162
13,53248,1847,-0.477169,17,-136.709589,209.202872,5,8,4,0,0,169,8,2,159,0.047337,0.011834,0.003021,2.950860,-0.001842,347.186521,,,,-74.619162
14,57344,1885,-0.286814,12,-134.837643,207.215918,2,9,0,1,0,169,9,1,159,0.053254,0.005917,0.001722,2.971739,-0.001008,181.228785,,,,-74.619162
15,61440,1921,-0.623208,12,-137.527034,220.135993,2,5,4,1,0,172,6,7,159,0.034884,0.040698,0.002514,2.958720,-0.002312,469.056091,,,,-74.619162
16,65536,1954,-0.421443,11,-135.867467,227.086030,0,6,4,1,0,171,6,3,162,0.035088,0.017544,0.002830,2.965299,-0.000727,226.736011,,,,-74.619162
17,69632,1984,-0.410583,7,-136.195289,232.291713,1,3,1,2,0,171,8,7,156,0.046784,0.040936,0.001392,2.964961,-0.000595,373.795104,,,,-74.619162
18,73728,2012,-0.438933,14,-134.924384,251.398256,3,7,0,2,2,175,10,4,161,0.057143,0.022857,0.002265,2.956084,-0.000399,296.815501,,,,-74.619162
19,77824,2038,-0.533082,10,-142.286260,259.248430,1,3,4,2,0,177,8,8,161,0.045198,0.045198,0.001939,2.954187,-0.001529,486.346229,,,,-74.619162
20,81920,2061,-0.425257,11,-144.682043,273.259951,4,2,1,4,0,173,3,4,166,0.017341,0.023121,0.000777,2.968902,-0.000910,313.294359,-66.989107,43.858816,556.50,-66.989107
21,86016,1689,-0.837133,14,-153.754735,288.198241,3,8,2,0,1,161,4,9,148,0.024845,0.055901,0.002218,2.967386,-0.001896,610.591484,,,,-66.989107
22,90112,1717,-0.680067,15,-153.515287,284.231751,3,9,2,1,0,165,7,7,151,0.042424,0.042424,0.001209,2.973060,-0.000846,423.717094,,,,-66.989107
23,94208,1742,-0.474345,13,-155.366478,292.300883,0,6,4,1,2,162,10,6,146,0.061728,0.037037,0.000716,2.971219,-0.001443,455.158365,,,,-66.989107
24,98304,1767,-0.169646,9,-153.126916,296.959684,3,3,1,1,1,161,10,1,150,0.062112,0.006211,0.002483,2.972451,-0.001516,142.958086,,,,-66.989107
25,102400,1790,-0.401011,6,-152.957285,311.130382,1,3,2,0,0,166,3,5,158,0.018072,0.030120,0.001050,2.968233,-0.000343,286.519283,,,,-66.989107
26,106496,1813,-0.264782,6,-159.476640,321.417344,1,2,1,1,1,171,5,4,162,0.029240,0.023392,0.001898,2.967726,-0.001037,225.708146,,,,-66.989107
27,110592,1834,-0.508622,11,-166.616338,344.302882,2,3,1,2,3,163,11,8,144,0.067485,0.049080,0.005954,2.968356,-0.002713,485.424894,,,,-66.989107
28,114688,1854,-0.446559,9,-176.638514,350.050372,2,4,3,0,0,159,6,5,148,0.037736,0.031447,0.003514,2.970989,-0.002889,361.952236,,,,-66.989107
29,118784,1874,-0.376250,15,-167.441819,355.592001,3,7,1,3,1,162,8,2,152,0.049383,0.012346,0.002263,2.971937,-0.000909,200.186559,,,,-66.989107
30,122880,1892,-0.333126,7,-164.289597,358.675658,0,5,0,1,1,159,8,5,146,0.050314,0.031447,0.001911,2.984641,-0.001050,274.215421,-44.334102,42.269370,639.12,-44.334102
31,126976,1628,-0.091141,4,-160.842480,357.608092,0,2,0,1,1,164,11,2,151,0.067073,0.012195,0.003154,2.970346,-0.000849,104.123027,,,,-44.334102
32,131072,1647,-0.460749,15,-162.974330,366.760617,3,9,1,0,2,161,7,3,151,0.043478,0.018634,0.001858,2.981195,-0.001719,315.503041,,,,-44.334102
33,135168,1666,-0.459855,12,-156.217994,364.559555,3,7,0,1,1,161,8,6,147,0.049689,0.037267,0.003065,2.976959,-0.002385,369.893673,,,,-44.334102
34,139264,1685,-0.461255,10,-153.799602,367.773599,1,7,2,0,0,176,8,5,163,0.045455,0.028409,0.002139,2.971262,-0.000456,342.418569,,,,-44.334102
35,143360,1702,-0.393538,8,-174.021381,377.433739,0,5,2,1,0,170,2,4,164,0.011765,0.023529,0.000229,2.979983,-0.000663,293.576386,,,,-44.334102
36,147456,1719,-0.225718,4,-172.101204,394.865365,0,1,1,1,1,165,8,4,153,0.048485,0.024242,0.002267,2.988330,-0.001487,221.999553,,,,-44.334102
37,151552,1736,-0.288244,3,-160.815054,435.178829,0,0,1,0,2,169,8,5,156,0.047337,0.029586,0.003610,2.981986,-0.003333,251.550789,,,,-44.334102
38,155648,1752,-0.142087,4,-151.416884,446.610946,0,2,1,0,1,166,8,3,155,0.048193,0.018072,0.006201,2.987984,-0.001101,177.556994,,,,-44.334102
39,159744,1766,-0.181459,5,-149.398248,458.349851,0,3,0,1,1,167,6,2,159,0.035928,0.011976,0.002178,2.988999,-0.000418,130.154832,,,,-44.334102
40,163840,1780,-0.209672,10,-136.709674,481.704866,0,2,1,2,5,163,8,3,152,0.049080,0.018405,0.002699,2.997597,-0.002739,195.118514,31.810290,58.671938,1000.00,31.810290
41,167936,1515,-0.325157,10,-145.015781,519.554380,0,1,3,0,6,163,5,4,154,0.030675,0.024540,0.000736,2.994120,-0.000428,301.151230,,,,31.810290
42,172032,1531,-0.177715,3,-149.143144,508.998942,0,2,0,1,0,154,4,2,148,0.025974,0.012987,0.000967,3.004511,-0.000849,128.422303,,,,31.810290
43,176128,1546,-0.033163,7,-152.718377,538.256190,0,0,2,0,5,165,8,0,157,0.048485,0.000000,0.002957,3.006305,-0.001203,47.042534,,,,31.810290
44,180224,1561,-0.195689,3,-157.628695,517.597238,0,2,1,0,0,170,9,4,157,0.052941,0.023529,0.000569,2.986027,-0.000547,215.057257,,,,31.810290
45,184320,1575,-0.324437,7,-163.475178,522.637514,0,3,2,1,1,170,5,4,161,0.029412,0.023529,0.000502,2.982028,-0.000532,268.165830,,,,31.810290
46,188416,1589,-0.150923,7,-153.555329,521.330906,0,2,1,2,2,165,8,2,155,0.048485,0.012121,0.001225,2.984106,-0.001336,143.106305,,,,31.810290
47,192512,1603,-0.200528,9,-151.740643,527.997815,0,2,2,1,4,177,9,3,165,0.050847,0.016949,0.000638,2.990023,-0.000222,198.983123,,,,31.810290
48,196608,1616,-0.390338,11,-150.869526,553.943488,0,4,2,0,5,169,12,7,150,0.071006,0.041420,0.000760,2.987379,-0.000279,409.850967,,,,31.810290
49,200704,1629,-0.424239,8,-143.644440,532.911639,0,3,1,3,1,173,8,6,159,0.046243,0.034682,0.000533,2.993861,-0.000499,330.619851,,,,31.810290
50,204800,1641,-0.151757,7,-138.993299,529.291904,1,4,0,0,2,151,5,1,145,0.033113,0.006623,0.001384,2.994597,-0.001175,100.163121,-14.704074,153.176243,861.62,31.810290
51,208896,1473,-0.592915,11,-139.558914,498.853623,1,6,2,2,0,168,2,6,160,0.011905,0.035714,0.000628,2.992652,-0.000405,319.665234,,,,31.810290
52,212992,1486,-0.577859,8,-152.719963,492.205760,0,4,3,0,1,165,4,8,153,0.024242,0.048485,0.002877,2.991092,-0.000824,443.026938,,,,31.810290
53,217088,1498,0.000192,3,-159.725973,543.085184,0,0,0,0,3,166,6,1,159,0.036145,0.006024,0.003387,3.001215,0.000057,55.138203,,,,31.810290
54,221184,1510,-0.113049,5,-161.256169,556.836666,0,1,1,1,2,170,13,3,154,0.076471,0.017647,0.000560,2.991771,-0.000804,174.265612,,,,31.810290
55,225280,1522,-0.097206,6,-158.406511,573.986333,0,2,1,1,2,162,5,0,157,0.030864,0.000000,0.005735,2.997319,-0.002400,50.124891,,,,31.810290
56,229376,1533,-0.360906,17,-156.368184,576.211229,0,9,1,2,5,149,5,2,142,0.033557,0.013423,0.000299,3.003064,-0.000415,190.459396,,,,31.810290
57,233472,1544,-0.319139,10,-152.246932,556.660106,0,6,2,2,0,154,8,2,144,0.051948,0.012987,0.002617,2.999627,-0.001560,198.193631,,,,31.810290
58,237568,1555,-0.261540,6,-146.546888,549.660762,0,3,2,0,1,159,6,3,150,0.037736,0.018868,0.002811,3.004630,-0.003238,172.801249,,,,31.810290
59,241664,1566,-0.183944,8,-144.111285,523.919686,0,7,0,0,1,153,7,1,145,0.045752,0.006536,0.000945,3.010310,-0.000617,114.426863,,,,31.810290
60,245760,1577,-0.182107,4,-150.980549,552.427717,0,2,0,0,2,160,7,3,150,0.043750,0.018750,0.001431,2.996248,-0.001064,151.129588,-13.433983,82.760619,883.00,31.810290
61,249856,1449,-0.109558,3,-134.992970,584.384945,1,0,0,0,2,156,6,2,148,0.038462,0.012821,0.004457,3.007473,0.000247,91.600811,,,,31.810290
62,253952,1460,-0.295366,1,-127.354343,608.046451,0,1,0,0,0,161,8,6,147,0.049689,0.037267,0.003870,3.004895,0.000427,275.294156,,,,31.810290
63,258048,1470,-0.056094,2,-141.968471,640.441806,0,0,1,1,0,159,8,1,150,0.050314,0.006289,0.001831,2.998135,-0.000363,88.212798,,,,31.810290
64,262144,1480,-0.264241,7,-139.424215,675.154768,0,0,1,0,6,159,6,5,148,0.037736,0.031447,0.003038,3.005615,-0.002969,170.882091,,,,31.810290
65,266240,1490,-0.136746,7,-130.519280,702.210720,0,1,0,0,6,151,9,3,139,0.059603,0.019868,0.006438,3.009690,-0.004469,133.285972,,,,31.810290
66,270336,1500,-0.082389,4,-133.959309,709.389648,0,1,1,0,2,153,4,1,148,0.026144,0.006536,0.005228,3.013993,-0.000667,72.188710,,,,31.810290
67,274432,1510,0.034999,7,-131.839556,727.036397,0,0,0,1,6,153,7,0,146,0.045752,0.000000,0.002609,3.014096,-0.001161,26.715641,,,,31.810290
68,278528,1519,-0.197329,8,-136.848742,715.845258,0,0,1,5,2,154,7,2,145,0.045455,0.012987,0.002105,3.013118,-0.000477,163.870184,,,,31.810290
69,282624,1529,-0.297524,7,-134.092573,716.575018,0,0,2,3,2,152,9,4,139,0.059211,0.026316,0.002308,3.011544,-0.001878,213.487566,,,,31.810290
70,286720,1538,0.011243,1,-112.629338,745.017516,0,0,0,0,1,146,7,1,138,0.047945,0.006849,0.007098,3.030563,-0.000121,58.791143,14.300166,65.051823,871.88,31.810290
71,290816,1433,-0.032972,7,-110.965170,742.344336,0,1,2,0,4,151,11,1,139,0.072848,0.006623,0.001088,3.031434,-0.000007,108.978258,,,,31.810290
72,294912,1443,0.028318,3,-111.256436,737.543235,0,0,0,1,2,139,12,1,126,0.086331,0.007194,0.003108,3.040333,-0.001207,80.454310,,,,31.810290
73,299008,1451,-0.119721,5,-104.745337,748.568912,0,0,0,2,3,142,8,2,132,0.056338,0.014085,0.003316,3.048259,-0.000314,106.550513,-45.585655,64.404641,871.88,31.810290
74,303104,143643,-0.034777,4,-98.162358,189.725000,0,4,0,0,0,161,10,2,149,0.062112,0.012422,0.006320,3.053484,-0.002229,150.678647,,,,31.810290
75,307200,77292,-0.045017,3,-93.852348,189.219167,0,0,0,3,0,154,12,2,140,0.077922,0.012987,0.002866,3.040110,-0.001474,139.879680,,,,31.810290
76,311296,53240,-0.222111,2,-89.588239,206.097250,0,0,0,2,0,161,12,6,143,0.074534,0.037267,0.000595,3.042651,-0.000269,301.868726,,,,31.810290
77,315392,40934,-0.244889,4,-88.813049,215.362525,0,3,0,1,0,146,6,3,137,0.041096,0.020548,0.003594,3.044479,-0.001699,152.459711,,,,31.810290
78,319488,33528,-0.186455,2,-91.326169,229.226272,0,0,1,1,0,152,7,4,141,0.046053,0.026316,0.002842,3.033807,-0.003155,206.163796,,,,31.810290
79,323584,28515,-0.200640,2,-109.626061,280.203645,1,0,0,1,0,151,7,4,140,0.046358,0.026490,0.002954,3.045239,-0.001942,226.096603,,,,31.810290
80,327680,24422,-0.140060,1,-101.483902,313.583281,0,0,0,1,0,156,5,3,148,0.032051,0.019231,0.000976,3.043310,-0.000781,141.364852,-56.030134,36.713573,657.50,31.810290
81,331776,14362,-0.100379,22,-104.207655,376.206771,1,0,0,5,16,149,6,0,143,0.040268,0.000000,0.001897,3.061765,-0.000938,70.190693,,,,31.810290
82,335872,13429,-0.105140,6,-106.591859,379.736094,0,1,2,1,2,148,11,3,134,0.074324,0.020270,0.006881,3.064730,-0.001259,173.273872,,,,31.810290
83,339968,12634,-0.339366,6,-107.573412,385.562484,0,2,1,3,0,155,6,5,144,0.038710,0.032258,0.004914,3.058820,-0.001224,279.693428,,,,31.810290
84,344064,11935,-0.193049,3,-114.429041,419.506236,0,1,0,1,1,162,6,3,153,0.037037,0.018519,0.002141,3.064199,-0.001258,163.471545,,,,31.810290
85,348160,11346,-0.143938,5,-121.410069,414.695612,0,1,0,3,1,159,9,3,147,0.056604,0.018868,0.002836,3.067591,-0.002201,180.887885,,,,31.810290
86,352256,10824,-0.173286,4,-124.715478,419.276051,0,0,0,4,0,160,9,3,148,0.056250,0.018750,0.001691,3.070702,-0.000341,187.134426,,,,31.810290
87,356352,10358,-0.191034,4,-120.598611,460.573446,0,0,0,1,3,159,7,4,148,0.044025,0.025157,0.001035,3.076156,-0.001297,207.905454,,,,31.810290
88,360448,9940,-0.036088,2,-122.037218,463.766101,0,0,0,2,0,166,14,2,150,0.084337,0.012048,0.004302,3.075155,-0.000920,121.915659,,,,31.810290
89,364544,9564,-0.148591,12,-118.994821,515.614491,0,0,0,1,11,174,10,3,161,0.057471,0.017241,0.004072,3.084301,-0.000244,146.744792,,,,31.810290
90,368640,9221,-0.153994,5,-106.803802,537.133042,0,1,0,1,3,164,9,3,152,0.054878,0.018293,0.004420,3.086707,-0.001202,147.245065,-68.557452,145.118968,559.12,31.810290
91,372736,7265,-0.068847,4,-106.319411,582.194738,0,1,0,0,3,168,6,1,161,0.035714,0.005952,0.003075,3.098278,-0.001003,57.702943,,,,31.810290
92,376832,7092,-0.223208,3,-108.263221,614.241931,0,0,0,2,1,170,12,5,153,0.070588,0.029412,0.001710,3.093229,-0.000788,229.801115,,,,31.810290
93,380928,6927,-0.220042,5,-105.123780,608.197738,0,1,0,3,1,162,8,5,149,0.049383,0.030864,0.002281,3.099138,-0.000385,284.917472,,,,31.810290
94,385024,6771,-0.128319,7,-118.749098,606.463678,0,1,2,2,2,173,9,1,163,0.052023,0.005780,0.002486,3.097576,-0.000015,116.903137,,,,31.810290
95,389120,6624,-0.263100,11,-110.167115,618.180947,0,2,2,3,4,166,8,3,155,0.048193,0.018072,0.001410,3.095398,-0.000179,232.515690,,,,31.810290
96,393216,6490,-0.308729,6,-113.033352,590.279519,0,1,1,3,1,171,3,5,163,0.017544,0.029240,0.001838,3.104301,-0.002150,295.784669,,,,31.810290
97,397312,6363,-0.262758,9,-119.410455,606.407122,1,1,1,0,6,166,4,3,159,0.024096,0.018072,0.003711,3.107661,-0.000794,136.932083,,,,31.810290
98,401408,6242,-0.294088,7,-117.829856,602.080696,1,3,0,0,3,166,10,6,150,0.060241,0.036145,0.001143,3.118575,-0.000355,305.654472,,,,31.810290
99,405504,6134,-0.100693,5,-120.426104,596.612626,0,2,0,2,1,177,10,2,165,0.056497,0.011299,0.001390,3.106021,-0.000525,147.937126,,,,31.810290
100,409600,6026,-0.147108,3,-119.532513,590.251364,0,0,1,1,1,178,5,2,171,0.028090,0.011236,0.002523,3.099412,-0.001281,147.920679,-93.457375,113.672508,632.25,31.810290
101,413696,5112,-0.226685,8,-124.441739,579.663727,2,3,0,1,2,162,6,2,154,0.037037,0.012346,0.001792,3.122318,-0.001019,161.330619,,,,31.810290
102,417792,5047,-0.264412,12,-127.126420,572.997355,0,5,2,2,3,179,4,1,174,0.022346,0.005587,0.001976,3.107360,-0.000134,133.344909,,,,31.810290
103,421888,4985,-0.145680,10,-123.606772,576.547619,1,4,0,0,5,173,5,1,167,0.028902,0.005780,0.001780,3.115834,-0.001136,119.037190,,,,31.810290
104,425984,4925,-0.301387,9,-120.326823,553.981746,3,3,0,2,1,173,4,2,167,0.023121,0.011561,0.002531,3.106481,-0.000724,180.275255,,,,31.810290
105,430080,4868,-0.330762,11,-115.720056,549.092662,4,2,1,1,3,178,4,3,171,0.022472,0.016854,0.004427,3.103159,-0.002725,197.395460,,,,31.810290
106,434176,4813,-0.487720,8,-113.755464,558.083396,1,4,0,0,3,178,6,8,164,0.033708,0.044944,0.004945,3.102632,0.000157,426.675287,,,,31.810290
107,438272,4760,-0.261803,6,-122.799501,543.941723,1,2,2,1,0,178,7,3,168,0.039326,0.016854,0.003172,3.102914,-0.002041,247.525697,,,,31.810290
108,442368,4709,-0.114619,3,-122.781798,533.747551,0,0,1,1,1,180,14,4,162,0.077778,0.022222,0.004650,3.095363,-0.001397,232.589711,,,,31.810290
109,446464,4661,-0.159738,2,-139.678236,513.272796,0,1,1,0,0,170,1,1,168,0.005882,0.005882,0.003291,3.098403,-0.002201,65.605971,,,,31.810290
110,450560,4614,-0.150452,9,-147.741376,536.167738,0,3,1,1,4,181,7,1,173,0.038674,0.005525,0.001915,3.097345,-0.001211,118.352697,19.224913,114.438836,732.00,31.810290
111,454656,4056,-0.261391,10,-149.702849,539.240965,1,2,2,1,4,174,5,3,166,0.028736,0.017241,0.003061,3.095314,-0.002035,151.411842,,,,31.810290
112,458752,4026,-0.311296,9,-146.869403,548.283535,1,3,0,2,3,181,8,4,169,0.044199,0.022099,0.006759,3.097311,-0.000708,239.331941,,,,31.810290
113,462848,3997,-0.223311,5,-143.142996,554.495181,1,2,0,0,2,178,4,3,171,0.022472,0.016854,0.003197,3.099631,-0.001067,163.656787,,,,31.810290
114,466944,3959,-0.261631,8,-140.589355,570.633163,0,1,1,2,4,177,6,3,168,0.033898,0.016949,0.001408,3.103737,0.000239,192.766499,,,,31.810290
115,471040,3929,-0.056189,3,-137.531431,587.836514,0,0,0,1,2,174,8,2,164,0.045977,0.011494,0.010153,3.099540,0.002557,111.158396,,,,31.810290
116,475136,3901,-0.228745,4,-129.647351,577.452862,0,2,0,1,1,172,7,4,161,0.040698,0.023256,0.004274,3.092292,-0.003079,209.490713,,,,31.810290
117,479232,3875,-0.539106,8,-130.069409,548.232576,1,5,0,2,0,177,9,8,160,0.050847,0.045198,0.004071,3.082546,-0.001984,355.825274,,,,31.810290
118,483328,3849,-0.137492,4,-121.544267,591.959318,0,0,0,1,3,166,8,3,155,0.048193,0.018072,0.000427,3.095005,-0.000028,144.630623,,,,31.810290
119,487424,3823,-0.242608,6,-143.153423,619.663387,0,1,0,0,5,177,9,5,163,0.050847,0.028249,0.000551,3.095355,-0.000657,195.701750,,,,31.810290
120,491520,3798,-0.105120,11,-152.556327,643.060684,1,1,0,2,7,180,8,2,170,0.044444,0.011111,0.005404,3.096608,0.000266,183.136978,22.097328,112.487457,841.00,31.810290
121,495616,3507,-0.116639,6,-142.187685,640.504616,0,2,0,1,3,174,10,2,162,0.057471,0.011494,0.003818,3.082597,-0.000662,123.939057,,,,31.810290
122,499712,3489,-0.102755,4,-137.306504,660.729154,0,0,1,1,2,179,10,3,166,0.055866,0.016760,0.007803,3.079853,-0.000523,131.488330,,,,31.810290
123,503808,3471,-0.320620,10,-129.668824,638.776239,2,3,0,4,1,170,9,4,157,0.052941,0.023529,0.001883,3.085009,-0.000734,260.065962,,,,31.810290
124,507904,3453,-0.274620,2,-123.606355,616.248615,0,2,0,0,0,170,13,7,150,0.076471,0.041176,0.004305,3.085851,-0.001033,323.255681,,,,31.810290
125,512000,3436,-0.295107,5,-113.676066,645.023753,0,0,1,1,3,159,9,6,144,0.056604,0.037736,0.004208,3.104200,-0.000154,306.582949,,,,31.810290
126,516096,3419,-0.100516,4,-131.988325,628.371378,0,2,0,1,1,150,8,1,141,0.053333,0.006667,0.003498,3.100187,0.000660,83.075405,,,,31.810290
127,520192,3403,-0.090703,5,-125.387227,665.634240,0,0,0,0,5,159,11,3,145,0.069182,0.018868,0.002358,3.102104,-0.001123,154.743513,,,,31.810290
128,524288,3387,-0.246030,5,-124.391125,691.610816,0,0,1,0,4,164,6,5,153,0.036585,0.030488,0.002080,3.102773,-0.000747,236.576900,,,,31.810290
129,528384,3371,0.003893,3,-142.995046,722.549735,0,0,0,0,3,152,14,2,136,0.092105,0.013158,0.003246,3.113406,-0.000601,97.186185,,,,31.810290
130,532480,3357,-0.194222,6,-140.259896,710.294761,0,1,2,0,3,159,9,3,147,0.056604,0.018868,0.001374,3.114294,-0.000816,194.634388,-35.567306,72.721782,749.38,31.810290
131,536576,3126,-0.213954,10,-147.319409,725.355285,1,0,0,2,7,158,8,4,146,0.050633,0.025316,0.003246,3.110590,-0.002459,207.494992,,,,31.810290
132,540672,3116,-0.202652,5,-138.277251,715.419757,1,2,0,1,1,154,7,2,145,0.045455,0.012987,0.002224,3.113936,-0.000417,125.497208,,,,31.810290
133,544768,3106,-0.211399,6,-139.714589,720.677781,1,2,0,0,3,161,9,3,149,0.055901,0.018634,0.003956,3.114102,-0.000715,171.925368,,,,31.810290
134,548864,3097,-0.257920,8,-141.508008,715.260003,1,3,0,2,2,158,9,3,146,0.056962,0.018987,0.003381,3.120171,-0.000182,168.337524,,,,31.810290
135,552960,3087,-0.051397,4,-145.294684,671.709003,0,1,2,1,0,147,10,0,137,0.068027,0.000000,0.005739,3.127149,0.000282,44.010178,,,,31.810290
136,557056,3078,-0.138838,4,-145.245859,695.838102,1,1,0,0,2,156,10,3,143,0.064103,0.019231,0.003628,3.113752,-0.002208,127.517231,,,,31.810290
137,561152,3070,-0.361465,5,-146.757620,693.734292,0,2,0,1,2,146,5,6,135,0.034247,0.041096,0.004335,3.113389,-0.000594,251.504477,,,,31.810290
138,565248,3061,-0.082806,3,-142.590209,724.460863,0,0,0,0,3,157,9,2,146,0.057325,0.012739,0.005528,3.126131,-0.001724,106.470736,,,,31.810290
139,569344,3053,-0.175614,8,-130.410739,739.752277,0,1,0,1,6,146,11,3,132,0.075342,0.020548,0.005004,3.131282,-0.001396,163.121917,,,,31.810290
140,573440,3045,-0.175322,6,-132.990012,732.893716,0,2,1,0,3,129,6,2,121,0.046512,0.015504,0.005165,3.136596,-0.000457,82.442436,-142.577540,101.665309,694.12,31.810290
141,577536,2852,-0.112361,7,-136.422259,713.775773,2,3,1,0,1,143,13,1,129,0.090909,0.006993,0.004532,3.120135,-0.000836,130.987142,,,,31.810290
142,581632,2846,-0.148987,11,-137.244369,719.352741,3,0,1,2,5,148,11,1,136,0.074324,0.006757,0.004656,3.132402,-0.000730,121.156507,,,,31.810290
143,585728,2841,-0.176565,5,-143.780476,706.497467,2,1,0,1,1,149,6,2,141,0.040268,0.013423,0.002758,3.122660,-0.001644,138.090998,,,,31.810290
144,589824,2835,-0.293931,6,-140.504042,683.147720,1,4,1,0,0,152,10,4,138,0.065789,0.026316,0.001477,3.112684,-0.001245,230.804466,,,,31.810290
145,593920,2829,-0.378902,8,-132.423077,680.220448,3,3,0,0,2,148,8,5,135,0.054054,0.033784,0.005862,3.113217,0.000021,243.828845,,,,31.810290
146,598016,2824,-0.507479,13,-134.515846,662.659942,4,6,2,1,0,149,11,4,134,0.073826,0.026846,0.003004,3.106611,-0.000528,274.234586,,,,31.810290
147,602112,2819,-0.165456,4,-136.292328,654.193948,2,2,0,0,0,146,5,1,140,0.034247,0.006849,0.002465,3.120107,-0.000722,84.659620,,,,31.810290
148,606208,2813,-0.133127,5,-136.416659,639.854553,0,3,1,0,1,157,8,1,148,0.050955,0.006369,0.001108,3.107060,-0.000067,100.034663,,,,31.810290
149,610304,2808,-0.277011,7,-132.269355,625.840526,3,1,1,2,0,141,10,3,128,0.070922,0.021277,0.003017,3.117958,-0.002014,195.083898,,,,31.810290
150,614400,2803,-0.384666,8,-139.247659,627.268973,2,3,1,0,2,142,4,4,134,0.028169,0.028169,0.003537,3.118942,-0.001756,218.829271,-140.234335,139.168417,522.75,31.810290
151,618496,2692,-0.254226,5,-131.200423,601.742076,1,3,1,0,0,139,5,2,132,0.035971,0.014388,0.001654,3.125105,-0.001761,150.139382,,,,31.810290
152,622592,2687,-0.221536,6,-128.568860,602.184535,1,1,2,0,2,125,5,2,118,0.040000,0.016000,0.002556,3.134733,-0.001426,141.158501,,,,31.810290
153,626688,2684,-0.231021,9,-134.445096,599.999415,1,3,0,2,3,146,6,2,138,0.041096,0.013699,0.001367,3.124382,-0.000803,189.674290,,,,31.810290
154,630784,2680,-0.167378,8,-147.107881,609.824473,2,2,0,2,2,140,8,2,130,0.057143,0.014286,0.003339,3.123985,-0.002252,124.540311,,,,31.810290
155,634880,2676,-0.330215,6,-145.405558,603.358693,3,1,1,0,1,140,8,4,128,0.057143,0.028571,0.001565,3.143023,-0.000233,184.562976,,,,31.810290
156,638976,2672,-0.219521,6,-135.034295,606.406157,0,3,0,1,2,149,6,3,140,0.040268,0.020134,0.003837,3.137447,-0.004228,191.086080,,,,31.810290
157,643072,2669,-0.187958,6,-138.710304,592.515541,0,2,0,2,2,125,5,1,119,0.040000,0.008000,0.003505,3.144717,-0.002531,87.301030,,,,31.810290
158,647168,2665,-0.276631,7,-138.275619,610.578273,2,2,0,0,3,116,4,3,109,0.034483,0.025862,0.002054,3.155629,-0.000665,170.951878,,,,31.810290
159,651264,2662,-0.372101,11,-139.548707,598.074991,9,1,0,1,0,133,5,1,127,0.037594,0.007519,0.001787,3.155761,-0.001743,163.398769,,,,31.810290
160,655360,2658,-0.353693,8,-136.258402,611.129992,5,0,0,1,2,134,2,3,129,0.014925,0.022388,0.004410,3.158552,-0.003393,166.598281,-125.919679,85.645444,422.50,31.810290
161,659456,2581,-0.290059,7,-135.392847,591.874136,4,2,0,0,1,147,6,2,139,0.040816,0.013605,0.001742,3.164557,-0.001718,164.938972,,,,31.810290
162,663552,2578,-0.423633,6,-142.790468,581.036722,3,2,0,1,0,130,6,5,119,0.046154,0.038462,0.003035,3.169597,-0.002169,250.111501,,,,31.810290
163,667648,2575,-0.615753,13,-151.588534,571.779204,5,3,3,2,0,129,5,5,119,0.038760,0.038760,0.001970,3.178217,-0.001274,374.314312,,,,31.810290
164,671744,2572,-0.408929,8,-166.049563,563.801283,3,1,1,2,1,139,5,5,129,0.035971,0.035971,0.002541,3.170176,-0.000087,289.907953,,,,31.810290
165,675840,2570,-0.291304,6,-168.935560,544.604488,3,1,2,0,0,135,8,2,125,0.059259,0.014815,0.003364,3.172863,-0.000940,146.462499,,,,31.810290
166,679936,2567,-0.345130,9,-171.020221,536.844039,6,2,0,1,0,119,5,2,112,0.042017,0.016807,0.003869,3.170533,-0.000659,150.589376,,,,31.810290
167,684032,2565,-0.346051,9,-169.385586,533.148524,3,4,1,0,1,116,3,2,111,0.025862,0.017241,0.005582,3.161875,-0.000487,142.863955,,,,31.810290
168,688128,2562,-0.213167,4,-157.942506,540.708672,3,1,0,0,0,108,3,1,104,0.027778,0.009259,0.006343,3.165555,-0.000413,83.211371,,,,31.810290
169,692224,2560,-0.208276,4,-158.194168,554.012805,2,1,0,0,1,92,2,1,89,0.021739,0.010870,0.004688,3.158643,-0.001663,50.788310,,,,31.810290
170,696320,2558,-0.304742,5,-169.318008,582.891524,2,1,0,0,2,89,6,4,79,0.067416,0.044944,0.003567,3.162264,-0.001046,190.275803,-109.631713,98.848636,661.25,31.810290
171,700416,2453,-0.233105,5,-167.060985,583.622372,2,1,0,1,1,100,3,2,95,0.030000,0.020000,0.002656,3.163524,0.000374,126.790672,,,,31.810290
172,704512,2451,-0.262568,9,-173.020263,594.993468,7,0,0,0,2,108,1,0,107,0.009259,0.000000,0.003188,3.150716,-0.002249,74.261213,,,,31.810290
173,708608,2450,-0.277862,10,-173.799672,598.974121,4,1,1,2,2,112,4,1,107,0.035714,0.008929,0.003870,3.157488,-0.003335,140.636904,,,,31.810290
174,712704,2448,-0.211434,9,-167.600599,596.165598,2,3,0,2,2,121,8,1,112,0.066116,0.008264,0.003844,3.169946,-0.002571,108.559291,,,,31.810290
175,716800,2447,-0.185554,3,-167.156869,610.415705,0,0,0,1,2,127,2,2,123,0.015748,0.015748,0.004018,3.173030,-0.002381,82.858580,,,,31.810290
176,720896,2445,-0.220184,4,-163.477320,616.349134,2,1,0,0,1,118,5,2,111,0.042373,0.016949,0.001206,3.175965,-0.000301,129.995496,,,,31.810290
177,724992,2444,-0.344552,7,-164.402094,603.199935,1,4,1,1,0,116,3,2,111,0.025862,0.017241,0.004481,3.171124,-0.003484,136.246908,,,,31.810290
178,729088,2442,-0.178882,5,-165.647633,585.859942,0,3,1,0,1,107,4,0,103,0.037383,0.000000,0.002961,3.175822,-0.000930,51.970264,,,,31.810290
179,733184,2441,-0.252557,7,-162.663063,580.345376,1,3,1,0,2,109,6,2,101,0.055046,0.018349,0.001984,3.171755,-0.001565,129.505918,,,,31.810290
180,737280,2439,-0.195293,10,-156.702740,601.700838,2,1,1,1,5,115,11,2,102,0.095652,0.017391,0.001712,3.173760,-0.000668,114.586056,-99.139744,117.497572,833.50,31.810290
181,741376,2331,-0.131553,7,-158.553877,617.973612,0,1,0,1,5,125,7,2,116,0.056000,0.016000,0.003121,3.187627,-0.002041,129.568856,,,,31.810290
182,745472,2330,-0.193256,3,-143.337439,609.276251,0,1,0,1,1,133,9,3,121,0.067669,0.022556,0.004161,3.187487,-0.001774,153.067940,,,,31.810290
183,749568,2329,-0.232731,5,-142.265960,608.368626,0,1,1,1,2,118,3,2,113,0.025424,0.016949,0.003035,3.201387,-0.000659,134.043114,,,,31.810290
184,753664,2329,-0.163165,7,-143.373483,623.417477,1,3,0,0,3,121,8,1,112,0.066116,0.008264,0.004155,3.211233,-0.001717,66.552806,,,,31.810290
185,757760,2328,-0.247187,6,-151.959738,630.725730,0,2,1,1,2,129,9,3,117,0.069767,0.023256,0.003657,3.203869,-0.004083,206.671184,,,,31.810290
186,761856,2327,-0.553575,11,-156.233621,619.134975,2,3,3,1,2,122,3,5,114,0.024590,0.040984,0.009651,3.216658,-0.002022,391.440996,,,,31.810290
187,765952,2327,-0.114835,2,-144.444421,656.071477,1,0,0,0,1,129,11,3,115,0.085271,0.023256,0.004601,3.223737,-0.001180,147.836084,,,,31.810290
188,770048,2326,-0.257155,8,-141.016500,652.689330,1,1,1,2,3,127,5,2,120,0.039370,0.015748,0.004448,3.219702,-0.001111,156.832780,,,,31.810290
189,774144,2325,-0.304646,12,-138.318546,649.928730,2,4,0,1,5,137,3,2,132,0.021898,0.014599,0.002557,3.231353,-0.001784,163.053952,,,,31.810290
190,778240,2325,-0.376512,5,-133.878053,600.355857,0,4,0,1,0,133,5,5,123,0.037594,0.037594,0.001648,3.247898,-0.001598,265.204847,-88.350890,89.660189,542.75,31.810290
191,782336,2261,-0.111344,2,-136.983915,622.870271,2,0,0,0,0,115,5,1,109,0.043478,0.008696,0.003406,3.258053,-0.000215,74.179263,,,,31.810290
192,786432,2261,-0.178096,6,-137.527657,633.633244,3,1,0,2,0,132,11,1,120,0.083333,0.007576,0.001931,3.245086,-0.000131,120.078390,,,,31.810290
193,790528,2260,-0.290687,7,-144.467987,637.755634,2,2,0,0,3,127,4,4,119,0.031496,0.031496,0.005907,3.241431,-0.000948,169.549338,,,,31.810290
194,794624,2260,-0.283802,11,-148.048427,643.461889,2,1,1,2,5,117,4,2,111,0.034188,0.017094,0.009203,3.242102,0.000399,119.548688,,,,31.810290
195,798720,2260,-0.235225,4,-149.282926,613.790700,2,1,0,1,0,108,4,3,101,0.037037,0.027778,0.005023,3.249349,0.000628,150.451741,,,,31.810290
196,802816,2259,-0.155050,8,-158.233414,606.274130,1,3,0,2,2,113,8,1,104,0.070796,0.008850,0.002659,3.263684,-0.001794,144.928219,,,,31.810290
197,806912,2259,-0.196253,10,-152.007490,606.286717,3,1,2,0,4,112,7,1,104,0.062500,0.008929,0.005040,3.266707,-0.002420,126.261838,,,,31.810290
198,811008,2259,-0.165949,4,-152.799046,617.058045,0,1,1,0,2,125,7,3,115,0.056000,0.024000,0.001948,3.268065,0.000114,170.760759,,,,31.810290
199,815104,2258,-0.214343,5,-146.156400,606.612241,2,2,0,0,1,117,6,2,109,0.051282,0.017094,0.002355,3.279832,-0.000763,136.775772,,,,31.810290
200,819200,2258,-0.249113,6,-141.684523,599.434350,1,0,0,3,2,135,6,3,126,0.044444,0.022222,0.001828,3.294268,-0.001812,142.749677,-89.651348,70.531329,290.75,31.810290
201,823296,2228,-0.182726,7,-134.516646,602.962344,2,2,0,0,3,122,5,1,116,0.040984,0.008197,0.004024,3.306431,-0.001669,90.881174,,,,31.810290
202,827392,2228,-0.257847,8,-128.419061,620.441109,2,2,0,0,4,115,6,3,106,0.052174,0.026087,0.006797,3.307495,-0.003398,173.933323,,,,31.810290
203,831488,2228,-0.233260,7,-142.821314,605.782713,1,3,2,0,1,117,9,2,106,0.076923,0.017094,0.002484,3.322792,0.000158,145.875831,,,,31.810290
204,835584,2228,-0.120772,7,-137.371524,622.918727,0,2,0,1,4,107,7,1,99,0.065421,0.009346,0.004880,3.318895,-0.001213,91.831549,,,,31.810290
205,839680,2228,-0.257800,8,-137.782840,618.289354,0,2,1,1,4,109,6,3,100,0.055046,0.027523,0.002765,3.324147,-0.002268,190.629645,,,,31.810290
206,843776,2228,-0.235168,4,-137.881792,600.310419,0,2,2,0,0,119,4,2,113,0.033613,0.016807,0.003826,3.323868,-0.001225,137.527023,,,,31.810290
207,847872,2227,-0.142481,3,-149.300752,624.212710,0,1,0,0,2,116,7,2,107,0.060345,0.017241,0.004400,3.345875,0.000608,109.934436,,,,31.810290
208,851968,2227,-0.338606,8,-160.748849,615.478939,2,2,1,0,3,123,10,5,108,0.081301,0.040650,0.003373,3.342495,-0.000001,421.654273,,,,31.810290
209,856064,2227,-0.234901,5,-146.856594,617.511045,1,2,0,0,2,113,3,2,108,0.026549,0.017699,0.005243,3.336716,-0.000187,116.567408,,,,31.810290
210,860160,2227,-0.265117,12,-146.208281,633.951607,1,3,0,1,7,123,5,3,115,0.040650,0.024390,0.004987,3.348125,-0.001073,172.240884,-108.149296,77.622152,529.62,31.810290
211,864256,2175,-0.312706,6,-136.041964,593.139780,0,4,0,1,1,129,4,4,121,0.031008,0.031008,0.003788,3.352765,-0.001788,200.303595,,,,31.810290
212,868352,2175,-0.325787,9,-138.457137,595.092469,2,3,0,0,4,140,5,5,130,0.035714,0.035714,0.002256,3.357551,-0.001266,261.257327,,,,31.810290
213,872448,2175,-0.193524,11,-137.077580,590.810495,3,2,0,3,3,137,8,1,128,0.058394,0.007299,0.002368,3.355585,-0.001868,131.853437,,,,31.810290
214,876544,2175,-0.033642,2,-145.270710,560.829445,0,2,0,0,0,134,5,0,129,0.037313,0.000000,0.005146,3.361440,0.000105,37.485830,,,,31.810290
215,880640,2175,-0.042884,4,-130.330385,576.421501,0,1,0,1,2,142,11,2,129,0.077465,0.014085,0.003790,3.369806,-0.001972,134.900152,,,,31.810290
216,884736,2175,-0.257841,10,-126.462402,577.249351,5,2,0,0,3,154,4,2,148,0.025974,0.012987,0.006559,3.361461,-0.001930,172.259980,,,,31.810290
217,888832,2176,-0.433074,12,-127.930769,561.299416,1,4,3,1,3,156,8,5,143,0.051282,0.032051,0.008780,3.368689,-0.000437,405.098235,,,,31.810290
218,892928,2176,-0.091454,6,-122.321092,560.319474,0,3,0,0,3,147,3,1,143,0.020408,0.006803,0.002597,3.374409,-0.001412,88.736174,,,,31.810290
219,897024,2176,0.036965,4,-105.683217,582.837527,1,0,0,0,3,157,12,1,144,0.076433,0.006369,0.002784,3.388972,-0.001234,78.562529,,,,31.810290
220,901120,2176,-0.183484,7,-98.532837,582.196631,1,1,0,2,3,155,10,4,141,0.064516,0.025806,0.004229,3.385159,-0.000459,246.881475,-139.476439,184.017052,585.50,31.810290
221,905216,2127,-0.168593,9,-104.706842,588.399190,1,2,1,1,4,164,10,3,151,0.060976,0.018293,0.003502,3.378583,-0.001468,208.348010,,,,31.810290
222,909312,2128,-0.106362,5,-108.136024,581.339271,2,1,0,1,1,151,11,2,138,0.072848,0.013245,0.007626,3.391289,-0.003491,153.118286,,,,31.810290
223,913408,2128,-0.179039,5,-107.105489,589.285344,0,0,1,1,3,152,10,4,138,0.065789,0.026316,0.006942,3.411799,-0.001807,180.570229,,,,31.810290
224,917504,2128,-0.108737,7,-109.784487,613.728238,1,1,0,1,4,163,8,2,153,0.049080,0.012270,0.005437,3.412906,-0.002979,108.446341,,,,31.810290
225,921600,2128,-0.072157,3,-108.605664,634.288748,0,0,0,1,2,167,11,3,153,0.065868,0.017964,0.002332,3.396628,-0.000929,159.972830,,,,31.810290
226,925696,2129,-0.259906,8,-105.543125,613.184873,0,2,1,3,2,170,10,4,156,0.058824,0.023529,0.005934,3.392926,-0.000203,293.763356,,,,31.810290
227,929792,2129,-0.100911,6,-99.033553,616.566386,1,1,0,1,3,158,2,1,155,0.012658,0.006329,0.007926,3.415893,0.001725,55.971344,,,,31.810290
228,933888,2129,-0.295662,8,-91.302811,638.709747,0,1,1,0,6,155,14,7,134,0.090323,0.045161,0.004459,3.414816,-0.000740,373.912910,,,,31.810290
229,937984,2129,-0.005142,4,-107.163071,651.563772,0,0,1,0,3,161,7,1,153,0.043478,0.006211,0.003397,3.419636,-0.001775,76.115360,,,,31.810290
230,942080,2129,-0.211147,6,-109.852824,672.990728,0,1,1,0,4,168,6,4,158,0.035714,0.023810,0.001864,3.413713,-0.000380,182.790678,-5.561372,160.871284,743.38,31.810290
231,946176,2087,-0.210115,7,-111.963297,664.277370,0,2,3,0,2,168,11,4,153,0.065476,0.023810,0.002359,3.406443,-0.001810,268.820655,,,,31.810290
232,950272,2088,-0.191266,9,-115.155468,657.405188,0,2,1,3,3,161,12,3,146,0.074534,0.018634,0.001118,3.413138,-0.000524,183.051654,,,,31.810290
233,954368,2088,0.048918,3,-110.729226,630.898003,0,0,1,2,0,160,11,0,149,0.068750,0.000000,0.002617,3.418145,-0.000533,67.731110,,,,31.810290
234,958464,2088,-0.098709,6,-110.488925,657.291536,0,1,0,0,5,160,7,3,150,0.043750,0.018750,0.006700,3.414888,-0.002880,129.833116,,,,31.810290
235,962560,2087,-0.239708,11,-104.133410,646.471473,0,5,1,3,2,164,9,2,153,0.054878,0.012195,0.002116,3.409390,-0.001796,169.696215,,,,31.810290
236,966656,2087,-0.225794,9,-103.734909,642.835437,0,5,1,1,2,152,11,4,137,0.072368,0.026316,0.001632,3.415643,-0.000266,262.768349,,,,31.810290
237,970752,2088,-0.251270,7,-105.982437,622.751893,0,4,0,3,0,152,6,3,143,0.039474,0.019737,0.002310,3.418747,-0.000331,229.606324,,,,31.810290
238,974848,2088,-0.088470,4,-114.848752,603.301704,0,1,1,1,1,158,7,2,149,0.044304,0.012658,0.002631,3.413508,-0.002866,147.391122,,,,31.810290
239,978944,2088,-0.288077,10,-111.619286,607.581534,2,2,1,3,2,164,13,5,146,0.079268,0.030488,0.004361,3.415750,-0.000090,307.403807,,,,31.810290
240,983040,2088,-0.119527,6,-120.573168,612.273380,0,2,2,0,2,154,4,2,148,0.025974,0.012987,0.007867,3.429411,-0.001212,193.543285,-114.669362,164.090112,977.50,31.810290
241,987136,2038,-0.081855,8,-117.916028,587.746042,1,3,2,2,0,157,11,1,145,0.070064,0.006369,0.002884,3.419495,-0.000099,159.580005,,,,31.810290
242,991232,2038,-0.207771,10,-110.640036,577.621438,1,6,1,1,1,168,11,2,155,0.065476,0.011905,0.001440,3.409732,0.000450,207.182797,,,,31.810290
243,995328,2039,-0.101278,6,-114.635244,568.209294,1,2,1,1,1,162,8,2,152,0.049383,0.012346,0.001674,3.413837,-0.000703,154.945150,,,,31.810290
244,999424,2039,-0.259591,9,-111.081836,566.232809,1,2,1,3,2,167,8,4,155,0.047904,0.023952,0.000429,3.403341,-0.000074,253.379851,-151.322917,244.700074,899.75,31.810290
245,1003520,461294,-0.062985,8,-95.811416,186.925000,0,6,0,2,0,177,8,2,167,0.045198,0.011299,0.001531,3.396540,-0.000951,182.584945,,,,31.810290
246,1007616,249742,-0.165398,4,-97.830441,183.032500,0,1,1,2,0,176,12,3,161,0.068182,0.017045,0.001235,3.397180,-0.002202,220.789785,,,,31.810290
247,1011712,171454,-0.080271,4,-90.461740,190.854250,0,2,1,1,0,169,8,2,159,0.047337,0.011834,0.003267,3.409642,-0.003063,161.412197,,,,31.810290
248,1015808,130770,-0.091872,3,-85.662495,192.402158,0,1,0,2,0,168,11,4,153,0.065476,0.023810,0.001410,3.403542,-0.002112,212.730690,,,,31.810290
249,1019904,105837,-0.085679,1,-79.089386,193.061943,0,0,1,0,0,173,11,5,157,0.063584,0.028902,0.002104,3.404362,-0.001602,287.461510,,,,31.810290
250,1024000,88972,-0.003871,1,-66.115670,241.655748,0,0,0,1,0,174,6,1,167,0.034483,0.005747,0.002491,3.417128,-0.000327,92.270842,-34.936914,100.501602,704.50,31.810290
251,1028096,40183,-0.146910,3,-98.503527,291.090173,0,1,1,1,0,175,13,3,159,0.074286,0.017143,0.002951,3.413645,-0.001310,224.932107,,,,31.810290
252,1032192,37598,-0.256727,20,-93.400887,358.496156,0,0,0,1,19,174,4,6,164,0.022989,0.034483,0.003721,3.413940,-0.000590,244.132832,,,,31.810290
253,1036288,35351,-0.198369,7,-87.644605,373.546540,0,1,0,4,2,153,8,6,139,0.052288,0.039216,0.002947,3.416208,0.000084,328.818436,,,,31.810290
254,1040384,33387,-0.138891,9,-90.947922,379.591886,0,2,1,4,2,159,5,2,152,0.031447,0.012579,0.003394,3.423202,-0.002193,164.407650,,,,31.810290
255,1044480,31625,-0.021676,7,-89.385145,379.761269,0,1,0,5,1,159,13,2,144,0.081761,0.012579,0.002803,3.426900,-0.001612,157.201331,,,,31.810290
256,1048576,30057,-0.133768,7,-91.608070,391.042285,0,3,2,1,1,159,8,3,148,0.050314,0.018868,0.001265,3.423262,-0.001120,205.018631,,,,31.810290
257,1052672,28664,-0.078328,6,-85.110967,389.021390,0,3,0,3,0,158,5,0,153,0.031646,0.000000,0.002803,3.429470,-0.002323,102.848210,,,,31.810290
258,1056768,27390,-0.106355,11,-81.814435,387.373796,2,8,0,1,0,153,10,1,142,0.065359,0.006536,0.003406,3.422945,-0.001329,199.594834,,,,31.810290
259,1060864,26244,-0.002467,7,-80.252153,382.979274,1,3,0,3,0,158,9,1,148,0.056962,0.006329,0.001132,3.422803,-0.000505,143.465177,,,,31.810290
260,1064960,25186,-0.315551,17,-79.607882,397.263699,1,4,0,10,2,166,7,3,156,0.042169,0.018072,0.001631,3.410970,-0.002743,258.331002,-104.383479,168.290630,912.25,31.810290
261,1069056,17877,-0.261036,8,-76.208049,403.924830,2,3,0,3,0,150,1,3,146,0.006667,0.020000,0.005236,3.428931,-0.003369,227.120793,,,,31.810290
262,1073152,17401,-0.242475,6,-81.828541,424.482347,2,1,1,1,1,151,5,4,142,0.033113,0.026490,0.002110,3.422924,-0.001258,248.352487,,,,31.810290
263,1077248,16956,-0.205320,5,-90.058020,415.614112,1,4,0,0,0,166,6,4,156,0.036145,0.024096,0.002154,3.420285,-0.000689,245.400224,,,,31.810290
264,1081344,16531,-0.078320,5,-88.860027,423.752701,0,2,1,1,1,174,10,2,162,0.057471,0.011494,0.002377,3.406444,-0.000796,146.699369,,,,31.810290
265,1085440,16131,-0.028649,3,-81.913496,466.077431,0,2,0,0,1,176,10,2,164,0.056818,0.011364,0.003122,3.413391,-0.001989,131.403083,,,,31.810290
266,1089536,15747,-0.244451,6,-77.690330,482.469688,0,3,1,0,2,168,11,5,152,0.065476,0.029762,0.002174,3.421223,-0.001554,236.605040,,,,31.810290
267,1093632,15390,-0.072488,5,-84.182507,520.682719,1,0,0,2,2,173,5,2,166,0.028902,0.011561,0.003288,3.415630,-0.000761,127.658836,,,,31.810290
268,1097728,15051,-0.195570,10,-88.159009,534.864447,1,3,1,2,3,174,9,3,162,0.051724,0.017241,0.000999,3.419905,-0.000159,237.841838,-117.987560,145.334936,873.00,31.810290
269,1101824,524732,0.016567,5,-98.447470,188.280000,0,5,0,0,0,182,7,0,175,0.038462,0.000000,0.001485,3.417399,-0.000440,74.496015,,,,31.810290
270,1105920,278543,0.031076,4,-96.265121,193.077000,0,2,1,1,0,171,12,1,158,0.070175,0.005848,0.002008,3.439572,-0.001989,124.695515,-161.088990,161.040930,928.12,31.810290
271,1110016,51316,-0.204806,5,-93.225337,198.349300,0,3,0,2,0,173,6,4,163,0.034682,0.023121,0.001868,3.439465,-0.001557,221.100651,,,,31.810290
272,1114112,47423,0.091065,2,-96.628996,213.714370,0,0,0,2,0,174,8,2,164,0.045977,0.011494,0.003984,3.445613,-0.000679,138.174401,,,,31.810290
273,1118208,44117,-0.096206,9,-89.299700,247.509600,1,2,1,5,0,172,16,1,155,0.093023,0.005814,0.004178,3.456583,-0.003220,190.977816,,,,31.810290
274,1122304,41231,-0.179212,6,-91.636395,270.575306,0,4,1,1,0,177,7,4,166,0.039548,0.022599,0.002912,3.450128,-0.001886,254.647177,,,,31.810290
275,1126400,38727,-0.019870,4,-87.034570,291.367776,0,1,1,2,0,171,9,1,161,0.052632,0.005848,0.005819,3.450288,-0.000622,119.010901,,,,31.810290
276,1130496,36529,-0.040830,13,-80.728651,341.938690,1,2,0,3,7,180,15,3,162,0.083333,0.016667,0.007151,3.454022,-0.001079,228.944055,,,,31.810290
277,1134592,34570,0.091417,3,-72.483754,365.644821,0,0,1,1,1,168,10,0,158,0.059524,0.000000,0.004060,3.464111,-0.001637,57.452377,,,,31.810290
278,1138688,32829,-0.039163,5,-64.202510,389.620339,0,2,1,0,2,182,11,2,169,0.060440,0.010989,0.004023,3.453409,-0.001269,158.475798,,,,31.810290
279,1142784,31270,0.066909,6,-57.183790,416.674972,0,0,1,2,3,171,11,0,160,0.064327,0.000000,0.006200,3.460575,-0.000160,60.765378,,,,31.810290
280,1146880,29751,0.096122,1,-53.638029,422.407475,0,1,0,0,0,176,10,1,165,0.056818,0.005682,0.007894,3.465935,0.001715,77.149055,-115.220995,189.181821,853.38,31.810290
281,1150976,20860,-0.086116,11,-44.492986,461.584909,0,2,0,5,4,184,14,3,167,0.076087,0.016304,0.006438,3.450954,-0.002441,252.954237,,,,31.810290
282,1155072,20241,-0.287469,3,-46.223878,475.359752,0,1,0,1,1,179,8,7,164,0.044693,0.039106,0.002150,3.452667,-0.000443,321.477720,,,,31.810290
283,1159168,19668,-0.138973,3,-57.430601,498.990443,0,0,0,2,1,179,6,4,169,0.033520,0.022346,0.005611,3.454532,0.000026,212.716560,,,,31.810290
284,1163264,19133,-0.164064,13,-52.330033,521.822168,0,3,0,4,6,182,6,2,174,0.032967,0.010989,0.005954,3.443294,-0.000349,171.177045,,,,31.810290
285,1167360,18632,-0.099766,6,-59.284971,507.606618,1,3,0,2,0,185,10,4,171,0.054054,0.021622,0.003938,3.451316,-0.002299,269.344034,,,,31.810290
286,1171456,18153,-0.217181,12,-60.706316,509.720956,1,4,2,3,2,176,7,2,167,0.039773,0.011364,0.002483,3.460464,-0.001004,198.998022,,,,31.810290
287,1175552,17705,-0.145802,11,-58.544160,504.194315,1,4,1,3,2,178,10,3,165,0.056180,0.016854,0.001570,3.460624,-0.001797,251.642486,,,,31.810290
288,1179648,17283,-0.112011,6,-61.408958,491.291550,1,1,1,3,0,168,9,3,156,0.053571,0.017857,0.001085,3.466824,-0.000907,201.044933,,,,31.810290
289,1183744,16884,0.115929,9,-60.915224,488.451284,0,5,0,2,2,173,12,0,161,0.069364,0.000000,0.004339,3.460720,-0.000803,146.873422,,,,31.810290
290,1187840,16502,-0.376025,11,-62.626537,471.951610,0,7,0,3,1,168,12,6,150,0.071429,0.035714,0.007696,3.461382,-0.001134,348.630650,-75.343148,106.562349,688.62,31.810290
291,1191936,13900,-0.371592,14,-68.866948,455.449306,0,6,2,6,0,176,11,6,159,0.062500,0.034091,0.001929,3.446915,-0.000156,458.926597,,,,31.810290
292,1196032,13650,-0.288777,10,-69.464956,461.974376,1,4,1,2,2,175,6,5,164,0.034286,0.028571,0.006399,3.450332,0.000039,280.041322,,,,31.810290
293,1200128,13412,-0.165730,10,-72.839650,460.316938,0,4,1,4,1,163,7,2,154,0.042945,0.012270,0.007607,3.458121,0.002286,219.838838,,,,31.810290
294,1204224,13176,-0.186826,11,-71.990399,457.621608,0,6,0,3,2,165,9,3,153,0.054545,0.018182,0.005824,3.461269,-0.001590,217.888516,,,,31.810290
295,1208320,12957,0.059344,3,-58.450142,465.026114,0,1,1,1,0,161,12,2,147,0.074534,0.012422,0.005949,3.472739,-0.000845,152.135800,,,,31.810290
296,1212416,12745,-0.274940,8,-59.877460,468.673502,1,2,0,5,0,158,11,5,142,0.069620,0.031646,0.005346,3.481567,-0.000576,287.726659,,,,31.810290
297,1216512,12542,-0.151913,5,-72.770973,459.166152,0,1,1,3,0,157,5,3,149,0.031847,0.019108,0.006278,3.487860,0.000471,201.770947,,,,31.810290
298,1220608,12347,-0.071863,8,-70.779089,451.312037,0,3,1,4,0,166,12,1,153,0.072289,0.006024,0.003134,3.486871,-0.001122,167.438935,,,,31.810290
299,1224704,12159,-0.153024,11,-69.012105,479.435379,2,1,1,3,4,167,7,4,156,0.041916,0.023952,0.003068,3.489972,-0.001890,225.676183,,,,31.810290
300,1228800,11979,-0.070033,7,-75.988710,501.506127,1,0,0,5,1,165,9,2,154,0.054545,0.012121,0.002303,3.510678,-0.002168,183.033285,-1.392274,112.409374,664.62,31.810290
301,1232896,10633,0.016578,3,-69.845049,498.355514,0,0,0,2,1,170,12,4,154,0.070588,0.023529,0.004230,3.495366,-0.001113,230.208037,,,,31.810290
302,1236992,10499,-0.247958,10,-64.829463,502.959963,1,3,1,2,3,160,8,5,147,0.050000,0.031250,0.004632,3.511147,-0.001144,310.147739,,,,31.810290
303,1241088,10370,-0.143431,5,-65.352884,502.723966,0,2,0,3,0,169,11,3,155,0.065089,0.017751,0.004313,3.502795,-0.000070,171.005099,,,,31.810290
304,1245184,10244,0.040972,4,-59.991623,522.501570,0,1,0,1,2,152,8,1,143,0.052632,0.006579,0.005662,3.516861,-0.001781,76.905315,,,,31.810290
305,1249280,10128,0.024755,6,-49.348775,546.034746,0,1,1,2,2,158,11,1,146,0.069620,0.006329,0.003592,3.506973,-0.001432,115.855238,,,,31.810290
306,1253376,10015,-0.072416,3,-58.305013,588.697938,0,0,0,1,2,146,11,3,132,0.075342,0.020548,0.006622,3.507393,-0.004205,177.891865,,,,31.810290
307,1257472,9903,-0.262323,5,-53.277851,626.688144,0,1,0,0,4,141,4,7,130,0.028369,0.049645,0.004522,3.521076,-0.002916,314.854052,,,,31.810290
308,1261568,9794,-0.288821,7,-53.461872,626.605044,1,0,0,5,1,148,8,6,134,0.054054,0.040541,0.004776,3.525631,-0.000404,307.810924,,,,31.810290
309,1265664,9687,-0.324310,7,-53.664538,620.044540,0,1,1,3,2,138,9,6,123,0.065217,0.043478,0.005305,3.524279,0.001235,341.244791,,,,31.810290
310,1269760,9582,-0.167116,7,-78.201344,641.325800,0,3,0,2,2,131,8,4,119,0.061069,0.030534,0.004606,3.532722,-0.000936,233.379358,-4.429587,101.723651,713.50,31.810290
311,1273856,8785,-0.019903,4,-56.788856,645.493220,0,2,0,0,2,133,13,3,117,0.097744,0.022556,0.006588,3.527401,-0.001915,186.319240,,,,31.810290
312,1277952,8701,-0.119303,11,-55.702114,631.298443,0,4,0,3,4,139,11,4,124,0.079137,0.028777,0.004021,3.535879,-0.000654,247.132418,,,,31.810290
313,1282048,8621,0.026611,5,-76.650726,643.108599,0,0,0,3,2,126,9,2,115,0.071429,0.015873,0.005441,3.524535,-0.001753,152.408495,,,,31.810290
314,1286144,8541,0.070508,9,-78.532806,624.631073,0,1,0,5,3,132,18,0,114,0.136364,0.000000,0.006306,3.523420,0.001090,91.953409,,,,31.810290
315,1290240,8464,-0.061910,5,-68.955432,632.367965,0,0,0,3,2,114,12,4,98,0.105263,0.035088,0.004489,3.513635,-0.000377,225.395573,,,,31.810290
316,1294336,8388,-0.210233,15,-67.720379,624.184502,0,3,1,7,4,105,8,3,94,0.076190,0.028571,0.005251,3.510654,-0.003272,262.991107,,,,31.810290
317,1298432,8314,0.015906,8,-64.511422,616.316052,1,3,0,2,2,113,6,0,107,0.053097,0.000000,0.004131,3.508414,-0.001570,88.213393,,,,31.810290
318,1302528,8242,-0.030548,8,-62.144491,615.171947,1,0,0,5,2,111,7,1,103,0.063063,0.009009,0.006008,3.519086,-0.001605,111.431765,,,,31.810290
319,1306624,8172,-0.073109,8,-58.957860,581.892252,1,3,0,4,0,117,11,1,105,0.094017,0.008547,0.002935,3.537871,-0.001072,138.914216,,,,31.810290
320,1310720,8103,-0.147317,5,-64.582005,571.223027,1,2,0,2,0,120,11,4,105,0.091667,0.033333,0.003517,3.541570,-0.002126,248.675589,-23.742026,102.779476,701.50,31.810290
321,1314816,7478,-0.132753,7,-64.788303,557.729296,0,1,1,4,1,109,4,3,102,0.036697,0.027523,0.003876,3.548816,-0.000866,170.947242,,,,31.810290
322,1318912,7422,-0.023768,7,-70.185781,540.099223,2,1,0,4,0,107,10,1,96,0.093458,0.009346,0.003818,3.541310,-0.000310,151.326537,,,,31.810290
323,1323008,7368,-0.085853,12,-65.672346,540.489301,2,4,0,3,3,106,10,1,95,0.094340,0.009434,0.004519,3.552428,-0.003069,141.571422,,,,31.810290
324,1327104,7315,-0.110696,10,-56.946835,552.070371,0,1,1,7,1,110,7,0,103,0.063636,0.000000,0.007470,3.556999,-0.001251,111.812471,,,,31.810290
325,1331200,7263,0.036069,8,-53.754092,549.688334,0,3,1,1,3,122,7,0,115,0.057377,0.000000,0.005493,3.548897,0.000288,86.659580,,,,31.810290
326,1335296,7212,0.003178,5,-53.213766,533.979500,1,1,0,3,0,115,5,1,109,0.043478,0.008696,0.006108,3.538279,-0.000935,112.438578,,,,31.810290
327,1339392,7162,-0.318772,8,-58.069696,533.356550,3,2,1,2,0,120,6,5,109,0.050000,0.041667,0.004476,3.535778,-0.000352,316.515083,,,,31.810290
328,1343488,7113,-0.006255,6,-59.616177,525.937562,0,3,0,3,0,103,11,2,90,0.106796,0.019417,0.005821,3.540658,0.000286,157.371542,,,,31.810290
329,1347584,7066,-0.306500,12,-63.119075,521.910472,2,7,1,2,0,111,10,2,99,0.090090,0.018018,0.004429,3.556257,-0.001855,218.936946,,,,31.810290
330,1351680,7018,-0.203589,13,-56.704076,523.850194,3,4,1,3,2,122,4,2,116,0.032787,0.016393,0.004257,3.569798,-0.000243,231.888054,12.790722,59.157082,494.12,31.810290
331,1355776,6689,-0.042257,12,-60.875228,514.456842,1,6,2,2,1,124,15,1,108,0.120968,0.008065,0.004171,3.570900,-0.000653,209.206918,,,,31.810290
332,1359872,6649,-0.049342,8,-57.889706,487.248657,2,2,0,4,0,110,11,2,97,0.100000,0.018182,0.002583,3.556731,-0.001916,197.362468,,,,31.810290
333,1363968,6609,-0.223902,16,-59.716490,474.911292,3,6,2,5,0,106,9,1,96,0.084906,0.009434,0.003527,3.567898,-0.000575,226.062899,,,,31.810290
334,1368064,6569,-0.267314,16,-57.073541,463.182663,4,9,0,3,0,102,12,2,88,0.117647,0.019608,0.003928,3.582800,-0.002432,263.377021,,,,31.810290
335,1372160,6530,-0.351763,16,-60.925889,441.783146,4,6,2,4,0,116,7,4,105,0.060345,0.034483,0.004720,3.586698,-0.002945,387.712260,,,,31.810290
336,1376256,6492,-0.193133,10,-62.209699,431.964832,2,1,2,5,0,111,10,1,100,0.090090,0.009009,0.003858,3.590577,-0.001867,164.159106,,,,31.810290
337,1380352,6454,-0.301594,13,-63.329654,418.537579,3,5,1,4,0,117,4,1,112,0.034188,0.008547,0.003661,3.588936,-0.001398,190.786710,,,,31.810290
338,1384448,6418,-0.121556,10,-68.335715,404.343821,3,3,3,1,0,125,10,3,112,0.080000,0.024000,0.004267,3.602772,-0.002032,258.609592,,,,31.810290
339,1388544,6382,-0.119040,8,-60.702407,403.909439,2,3,0,2,1,112,7,2,103,0.062500,0.017857,0.003409,3.617072,-0.001633,143.940489,,,,31.810290
340,1392640,6346,-0.116291,10,-63.258277,400.598495,3,3,0,4,0,117,8,1,108,0.068376,0.008547,0.004018,3.613534,-0.001077,178.908846,14.586600,51.322517,651.88,31.810290
341,1396736,5998,-0.174691,10,-61.556148,396.348646,2,2,3,3,0,105,7,1,97,0.066667,0.009524,0.003362,3.609373,-0.001775,187.933046,,,,31.810290
342,1400832,5968,-0.065849,10,-63.434025,408.033781,4,3,2,0,1,111,15,2,94,0.135135,0.018018,0.002317,3.610918,0.000282,214.013622,,,,31.810290
343,1404928,5938,-0.394404,15,-61.322682,407.997070,3,4,2,4,2,108,3,3,102,0.027778,0.027778,0.003680,3.593277,-0.001869,274.093285,,,,31.810290
344,1409024,5909,-0.202183,10,-64.972182,402.777363,4,2,1,3,0,110,6,2,102,0.054545,0.018182,0.005005,3.607404,-0.005623,210.629997,,,,31.810290
345,1413120,5880,-0.184737,11,-68.553988,399.290536,2,4,2,3,0,115,8,0,107,0.069565,0.000000,0.002795,3.611607,-0.001671,192.429228,,,,31.810290
346,1417216,5852,-0.122714,11,-68.744363,386.570573,3,5,1,2,0,110,7,2,101,0.063636,0.018182,0.002740,3.620070,-0.002762,211.141819,,,,31.810290
347,1421312,5824,-0.241022,12,-66.601739,380.430182,1,7,1,3,0,118,9,1,108,0.076271,0.008475,0.004130,3.616305,-0.002215,172.148258,,,,31.810290
348,1425408,5797,-0.212805,9,-73.177466,378.687164,5,2,1,1,0,109,8,2,99,0.073394,0.018349,0.002336,3.610483,-0.001239,206.185093,,,,31.810290
349,1429504,5770,-0.190657,8,-71.716050,370.993448,1,6,0,1,0,100,7,3,90,0.070000,0.030000,0.004237,3.613407,-0.000306,222.353724,,,,31.810290
350,1433600,5743,-0.070229,8,-68.619107,385.931603,1,4,0,2,1,113,7,2,104,0.061947,0.017699,0.003058,3.614157,-0.000456,189.220589,3.143480,121.635047,618.12,31.810290
351,1437696,5488,-0.399585,20,-66.643818,395.543443,3,8,3,4,2,112,3,3,106,0.026786,0.026786,0.004950,3.622932,-0.001376,338.766374,,,,31.810290
352,1441792,5465,-0.549721,18,-70.822784,375.872432,2,7,3,6,0,117,9,8,100,0.076923,0.068376,0.004056,3.613625,-0.002281,628.357625,,,,31.810290
353,1445888,5443,-0.224090,12,-75.045097,361.268522,0,4,1,7,0,111,4,2,105,0.036036,0.018018,0.004327,3.620223,-0.001883,231.415428,,,,31.810290
354,1449984,5420,-0.001920,9,-75.903118,354.630559,1,4,0,4,0,114,7,1,106,0.061404,0.008772,0.004011,3.610355,-0.001018,157.596338,,,,31.810290
355,1454080,5397,-0.170661,10,-77.162002,351.997503,3,4,2,1,0,102,13,2,87,0.127451,0.019608,0.004166,3.617921,-0.002010,210.545951,,,,31.810290
356,1458176,5375,-0.057426,6,-71.369785,368.331086,1,1,0,3,1,104,9,2,93,0.086538,0.019231,0.002293,3.624768,-0.001585,157.396003,,,,31.810290
357,1462272,5354,-0.222701,7,-81.136856,380.640834,0,3,1,3,0,101,3,3,95,0.029703,0.029703,0.002496,3.626544,0.000309,247.975762,,,,31.810290
358,1466368,5332,-0.149756,7,-76.443985,372.905322,0,3,2,2,0,106,7,3,96,0.066038,0.028302,0.005076,3.636544,-0.002321,218.745810,,,,31.810290
359,1470464,5311,0.039896,4,-76.833889,396.789790,0,0,1,1,2,100,3,2,95,0.030000,0.020000,0.004736,3.631979,-0.002031,94.674353,,,,31.810290
360,1474560,5290,-0.179384,11,-74.766487,406.610811,1,4,2,2,2,118,11,4,103,0.093220,0.033898,0.002938,3.630093,-0.001164,290.813614,-22.280398,127.456545,661.50,31.810290
361,1478656,5066,-0.124400,8,-63.578960,425.587230,0,2,1,3,2,112,8,4,100,0.071429,0.035714,0.003885,3.639710,-0.000714,258.373581,,,,31.810290
362,1482752,5048,-0.335350,8,-54.868856,449.903507,0,1,0,3,4,118,8,8,102,0.067797,0.067797,0.003549,3.643553,-0.000962,369.134773,,,,31.810290
363,1486848,5030,0.017452,6,-49.372431,475.163156,0,2,0,2,2,115,9,2,104,0.078261,0.017391,0.004644,3.646762,-0.002252,164.886490,,,,31.810290
364,1490944,5013,0.027785,7,-47.457626,479.489698,1,0,1,3,2,105,11,2,92,0.104762,0.019048,0.004312,3.653891,-0.000983,171.451069,,,,31.810290
365,1495040,4995,-0.039906,10,-48.154362,475.120728,0,3,1,6,0,103,5,1,97,0.048544,0.009709,0.004372,3.659051,-0.001424,171.122162,,,,31.810290
366,1499136,4978,-0.062254,10,-54.899832,492.428655,0,2,0,6,2,116,11,1,104,0.094828,0.008621,0.002176,3.665699,-0.000356,139.095329,,,,31.810290
367,1503232,4961,-0.158194,7,-62.903024,487.357218,0,3,2,1,1,118,8,4,106,0.067797,0.033898,0.003079,3.671551,-0.001806,189.750847,,,,31.810290
368,1507328,4944,-0.112300,8,-60.622198,476.371496,1,4,1,1,1,112,9,3,100,0.080357,0.026786,0.004475,3.685142,-0.003533,204.775746,,,,31.810290
369,1511424,4927,-0.191639,11,-59.844203,465.607074,3,4,1,2,1,102,10,4,88,0.098039,0.039216,0.003492,3.689796,-0.001506,252.849485,,,,31.810290
370,1515520,4911,-0.089713,10,-54.426202,465.846367,1,1,5,2,1,108,8,1,99,0.074074,0.009259,0.002485,3.696146,-0.001782,203.699677,-115.259672,74.130112,308.50,31.810290
371,1519616,4821,0.030974,9,-49.341228,465.683952,0,2,1,3,3,107,3,2,102,0.028037,0.018692,0.003436,3.690888,-0.001977,176.115673,,,,31.810290
372,1523712,4805,-0.228997,12,-50.245619,472.115557,0,3,1,7,1,113,9,3,101,0.079646,0.026549,0.006808,3.697794,-0.003115,238.185612,,,,31.810290
373,1527808,4790,-0.136011,7,-56.132984,448.989716,0,4,1,2,0,113,7,3,103,0.061947,0.026549,0.002995,3.714523,-0.001756,202.844111,,,,31.810290
374,1531904,4775,-0.177946,10,-56.693937,449.600744,0,2,1,6,1,104,6,2,96,0.057692,0.019231,0.003899,3.709038,-0.001211,186.330284,,,,31.810290
375,1536000,4760,-0.023474,12,-58.490593,451.399003,1,4,0,7,0,118,9,0,109,0.076271,0.000000,0.002793,3.724356,-0.001129,158.410424,,,,31.810290
376,1540096,4746,-0.228753,13,-58.776967,441.551410,0,3,4,5,1,121,7,3,111,0.057851,0.024793,0.002897,3.726381,-0.001830,305.909493,,,,31.810290
377,1544192,4731,-0.156408,15,-52.546651,429.542936,2,6,0,6,1,124,6,2,116,0.048387,0.016129,0.003378,3.738004,-0.002037,248.889607,,,,31.810290
378,1548288,4717,0.093439,11,-52.253325,411.297733,0,3,1,6,1,119,10,0,109,0.084034,0.000000,0.004080,3.744296,-0.001583,156.524024,,,,31.810290
379,1552384,4702,-0.210159,13,-51.009661,403.091037,2,3,2,6,0,114,7,3,104,0.061404,0.026316,0.002735,3.752597,-0.000417,249.839274,,,,31.810290
380,1556480,4688,-0.134963,14,-48.629459,401.653362,3,5,2,4,0,122,15,2,105,0.122951,0.016393,0.002425,3.744731,-0.000837,257.850456,-20.756332,76.948660,413.12,31.810290
381,1560576,4572,-0.186779,13,-53.612215,392.426487,1,3,2,7,0,103,4,2,97,0.038835,0.019417,0.006357,3.769773,-0.002267,259.554131,,,,31.810290
382,1564672,4559,-0.099714,10,-50.680475,390.583838,0,4,0,4,2,105,5,2,98,0.047619,0.019048,0.003140,3.766902,-0.001790,191.235484,,,,31.810290
383,1568768,4546,-0.005225,11,-50.811766,387.516364,0,2,0,9,0,114,6,0,108,0.052632,0.000000,0.001810,3.771126,-0.000008,114.150477,,,,31.810290
384,1572864,4534,-0.233302,16,-49.651694,375.127227,2,7,0,7,0,127,7,3,117,0.055118,0.023622,0.004251,3.760396,-0.002262,299.324233,,,,31.810290
385,1576960,4521,-0.094618,8,-48.471378,370.339505,2,2,1,2,1,108,10,4,94,0.092593,0.037037,0.002749,3.764656,-0.000083,279.340930,,,,31.810290
386,1581056,4509,0.009557,9,-45.676529,370.283332,1,3,1,4,0,104,4,0,100,0.038462,0.000000,0.003904,3.775752,-0.002433,113.997817,,,,31.810290
387,1585152,4496,-0.072271,7,-41.988703,382.926427,1,4,1,1,0,99,13,3,83,0.131313,0.030303,0.003828,3.780331,-0.002214,199.012969,,,,31.810290
388,1589248,4484,-0.313192,17,-41.902475,396.157314,2,8,2,3,2,118,10,4,104,0.084746,0.033898,0.002387,3.772471,0.000546,298.909806,,,,31.810290
389,1593344,4472,-0.183724,9,-43.649850,380.630471,0,4,1,4,0,121,9,4,108,0.074380,0.033058,0.003502,3.764767,-0.001086,263.882708,,,,31.810290
390,1597440,4460,-0.169514,11,-45.148745,375.658333,0,2,1,7,1,108,5,3,100,0.046296,0.027778,0.001555,3.780715,-0.000813,242.043806,-34.986392,151.423906,638.12,31.810290
391,1601536,4300,-0.157835,9,-45.335210,368.359167,0,1,2,6,0,98,5,2,91,0.051020,0.020408,0.003883,3.778898,0.002353,189.021890,,,,31.810290
392,1605632,4290,-0.165758,10,-49.727950,373.293250,1,2,1,5,1,112,5,2,105,0.044643,0.017857,0.001767,3.790152,-0.000106,196.477653,,,,31.810290
393,1609728,4279,-0.331584,15,-58.379538,376.497258,1,4,2,8,0,110,4,3,103,0.036364,0.027273,0.002590,3.778183,-0.002650,366.672881,,,,31.810290
394,1613824,4269,-0.085997,9,-54.294789,376.580866,3,3,0,2,1,92,6,2,84,0.065217,0.021739,0.006446,3.786849,-0.003665,171.978374,,,,31.810290
395,1617920,4258,-0.088952,7,-56.257455,366.865636,0,2,2,3,0,82,10,4,68,0.121951,0.048780,0.004645,3.796240,-0.001831,273.370743,,,,31.810290
396,1622016,4248,-0.085248,7,-59.946766,372.564787,0,1,0,5,1,92,6,3,83,0.065217,0.032609,0.003391,3.795534,-0.001471,197.455094,,,,31.810290
397,1626112,4238,-0.058413,6,-59.740252,377.641642,1,2,0,3,0,97,13,4,80,0.134021,0.041237,0.005299,3.794563,-0.001398,219.494424,,,,31.810290
398,1630208,4228,0.006770,15,-57.428120,388.570811,1,5,2,5,2,95,22,1,72,0.231579,0.010526,0.004424,3.795456,-0.003896,239.640346,,,,31.810290
399,1634304,4219,-0.198224,11,-52.353183,391.050093,2,5,2,1,1,101,6,2,93,0.059406,0.019802,0.005522,3.818924,-0.003480,167.407330,,,,31.810290
400,1638400,4209,-0.021423,8,-52.458322,389.932584,0,5,1,1,1,119,6,2,111,0.050420,0.016807,0.006373,3.819632,-0.002685,183.024892,-21.649810,79.521069,555.75,31.810290
401,1642496,4087,-0.227855,13,-51.840233,398.739326,0,6,2,5,0,120,16,3,101,0.133333,0.025000,0.003049,3.825616,-0.000056,367.079552,,,,31.810290
402,1646592,4078,-0.030930,10,-51.280531,379.695393,0,4,1,5,0,126,13,2,111,0.103175,0.015873,0.003334,3.822638,0.000051,191.808883,,,,31.810290
403,1650688,4069,-0.073985,8,-49.200560,388.063354,0,5,1,1,1,108,13,3,92,0.120370,0.027778,0.001765,3.843360,-0.000438,207.923413,,,,31.810290
404,1654784,4060,0.012846,8,-42.808018,400.132018,0,1,1,4,2,109,6,1,102,0.055046,0.009174,0.003829,3.848124,-0.002180,122.807119,,,,31.810290
405,1658880,4052,-0.156014,14,-45.028483,401.954531,1,7,1,5,0,120,17,3,100,0.141667,0.025000,0.004239,3.846231,-0.002294,267.448768,,,,31.810290
406,1662976,4043,0.061444,5,-33.107980,437.059078,1,1,0,0,3,109,9,3,97,0.082569,0.027523,0.002591,3.846341,-0.000868,171.233205,,,,31.810290
407,1667072,4035,-0.104088,9,-34.290183,420.053170,1,2,0,6,0,101,11,1,89,0.108911,0.009901,0.002893,3.851447,-0.001676,153.956451,,,,31.810290
408,1671168,4026,0.066747,3,-43.740345,416.947853,2,1,0,0,0,104,9,1,94,0.086538,0.009615,0.005350,3.869879,-0.001224,88.506276,,,,31.810290
409,1675264,4018,0.029849,8,-27.893598,446.278068,0,0,0,4,4,90,3,0,87,0.033333,0.000000,0.003974,3.882155,-0.001069,52.128241,,,,31.810290
410,1679360,4010,-0.098962,7,-25.906213,462.207404,1,0,0,4,2,118,9,3,106,0.076271,0.025424,0.003974,3.869735,-0.000592,178.622591,32.889478,174.543888,627.00,32.889478
411,1683456,3887,-0.073974,12,-26.010891,460.453330,0,6,0,5,1,124,9,1,114,0.072581,0.008065,0.004055,3.871633,-0.001109,172.077217,,,,32.889478
412,1687552,3880,0.115203,8,-27.040706,479.932997,1,1,0,2,4,128,18,2,108,0.140625,0.015625,0.001157,3.880676,-0.001390,147.325938,,,,32.889478
413,1691648,3873,-0.120255,4,-20.420853,472.639697,0,3,0,0,1,123,8,3,112,0.065041,0.024390,0.002520,3.874449,-0.001906,175.232594,,,,32.889478
414,1695744,3866,-0.085145,4,-32.984909,456.400728,1,1,0,2,0,113,6,1,106,0.053097,0.008850,0.002386,3.884375,-0.000880,88.569820,,,,32.889478
415,1699840,3858,-0.015017,6,-27.253366,485.010655,0,0,2,0,4,111,7,2,102,0.063063,0.018018,0.005791,3.901900,-0.003024,136.385943,,,,32.889478
416,1703936,3851,-0.146034,7,-28.660081,504.052447,1,0,0,3,3,112,1,2,109,0.008929,0.017857,0.006400,3.901588,-0.003698,140.675768,,,,32.889478
417,1708032,3844,-0.049017,9,-22.855629,506.502757,1,2,0,3,3,114,8,2,104,0.070175,0.017544,0.001836,3.919545,-0.001660,165.770884,,,,32.889478
418,1712128,3837,-0.216337,9,-19.618152,513.019148,0,3,0,3,3,119,4,3,112,0.033613,0.025210,0.003064,3.915918,-0.001955,183.053582,,,,32.889478
419,1716224,3831,-0.091180,9,-28.773222,513.950567,0,3,2,1,3,121,8,3,110,0.066116,0.024793,0.002792,3.921500,-0.000388,207.031328,,,,32.889478
420,1720320,3824,-0.252528,11,-32.054794,519.619147,1,3,2,1,4,121,9,5,107,0.074380,0.041322,0.004985,3.924312,-0.003081,283.809605,-9.027186,46.626023,396.00,32.889478
421,1724416,3753,-0.139240,8,-36.492011,527.544732,0,3,0,4,1,127,10,3,114,0.078740,0.023622,0.001726,3.908223,-0.001205,188.955101,,,,32.889478
422,1728512,3747,-0.079288,4,-40.836116,506.015259,1,2,0,1,0,126,6,2,118,0.047619,0.015873,0.004358,3.913038,-0.001164,138.396233,,,,32.889478
423,1732608,3741,-0.131918,8,-55.972659,516.026233,0,3,1,2,2,121,11,3,107,0.090909,0.024793,0.005228,3.922929,-0.002675,224.512754,,,,32.889478
424,1736704,3734,-0.115869,8,-57.672233,502.173610,0,2,2,3,1,127,6,3,118,0.047244,0.023622,0.002166,3.916080,-0.001471,258.022429,,,,32.889478
425,1740800,3728,-0.073160,6,-59.384379,485.339582,1,3,0,2,0,117,12,2,103,0.102564,0.017094,0.003070,3.907006,-0.001407,178.069760,,,,32.889478
426,1744896,3722,-0.466988,17,-60.644022,491.276212,0,6,4,4,3,116,11,8,97,0.094828,0.068966,0.003894,3.903737,-0.001826,548.497045,,,,32.889478
427,1748992,3716,-0.088107,10,-67.853711,497.898591,2,4,0,4,0,103,15,2,86,0.145631,0.019417,0.003813,3.913989,-0.001109,199.799822,,,,32.889478
428,1753088,3710,0.201225,7,-62.535772,492.665875,1,0,1,3,2,112,13,2,97,0.116071,0.017857,0.002795,3.921252,-0.000954,138.340419,,,,32.889478
429,1757184,3704,-0.243074,10,-57.996577,472.279287,0,3,0,7,0,112,12,5,95,0.107143,0.044643,0.002464,3.939913,0.000317,356.245441,,,,32.889478
430,1761280,3698,-0.036882,11,-60.120721,470.605904,0,2,2,6,1,100,6,0,94,0.060000,0.000000,0.002979,3.945068,-0.002447,125.493448,-22.966709,54.927523,463.00,32.889478
431,1765376,3624,-0.104545,9,-55.478690,465.623091,1,3,0,4,1,134,16,3,115,0.119403,0.022388,0.003246,3.940119,-0.000985,242.484255,,,,32.889478
432,1769472,3619,-0.117709,7,-42.824653,463.532211,1,3,0,3,0,124,11,2,111,0.088710,0.016129,0.004837,3.947408,-0.002397,189.868899,,,,32.889478
433,1773568,3614,-0.172998,11,-44.948147,454.478990,3,6,0,1,1,115,7,2,106,0.060870,0.017391,0.002032,3.949031,-0.000916,187.293368,,,,32.889478
434,1777664,3608,-0.290689,16,-49.164052,436.806091,1,7,2,4,2,101,9,3,89,0.089109,0.029703,0.003973,3.967210,-0.001293,265.672835,,,,32.889478
435,1781760,3603,-0.081514,4,-53.686903,427.450482,1,3,0,0,0,113,10,4,99,0.088496,0.035398,0.005141,3.977726,-0.001334,219.701028,,,,32.889478
436,1785856,3598,0.080483,7,-48.288740,428.591148,0,3,0,2,2,96,9,0,87,0.093750,0.000000,0.018862,3.976740,-0.002696,66.959213,,,,32.889478
437,1789952,3592,-0.028358,8,-46.342741,435.444533,1,3,0,2,2,112,11,1,100,0.098214,0.008929,0.004656,3.980708,-0.001684,108.563023,,,,32.889478
438,1794048,3587,0.050879,8,-40.058411,459.837580,1,1,0,2,4,120,4,1,115,0.033333,0.008333,0.007449,3.989121,-0.002558,99.312422,,,,32.889478
439,1798144,3582,-0.049803,10,-34.423921,465.353822,1,2,1,4,2,117,13,1,103,0.111111,0.008547,0.003436,3.997495,-0.001504,141.536805,,,,32.889478
440,1802240,3577,-0.078669,9,-36.329291,462.707328,0,5,0,3,1,111,9,2,100,0.081081,0.018018,0.002171,3.985565,-0.001490,192.131706,-7.822042,116.478164,865.00,32.889478
441,1806336,3461,0.072356,7,-29.117343,470.650881,0,1,1,3,2,118,14,1,103,0.118644,0.008475,0.003464,3.987038,0.000077,107.041336,,,,32.889478
442,1810432,3456,-0.043004,9,-22.336348,487.708015,1,3,0,1,4,112,9,2,101,0.080357,0.017857,0.002780,4.004128,-0.001615,110.877328,,,,32.889478
443,1814528,3451,0.026754,6,-25.606989,500.170547,1,2,0,2,1,116,11,2,103,0.094828,0.017241,0.008117,4.006009,-0.005185,163.701294,,,,32.889478
444,1818624,3447,-0.131293,10,-28.714027,502.273492,2,3,0,4,1,116,14,3,99,0.120690,0.025862,0.002769,4.015472,0.000133,256.055571,,,,32.889478
445,1822720,3442,-0.058734,10,-29.488747,487.736143,0,6,1,3,0,127,17,3,107,0.133858,0.023622,0.002991,4.015364,-0.002610,267.074116,,,,32.889478
446,1826816,3438,0.135892,4,-19.432566,490.237529,1,1,0,1,1,126,14,1,111,0.111111,0.007937,0.003627,4.015577,-0.001550,103.623370,,,,32.889478
447,1830912,3434,-0.149705,8,-24.343591,494.001276,0,3,1,3,1,115,14,3,98,0.121739,0.026087,0.005186,4.009900,-0.000029,197.997802,,,,32.889478
448,1835008,3429,0.152757,9,-16.382733,503.256704,0,4,1,0,4,107,13,1,93,0.121495,0.009346,0.005553,4.025955,-0.003003,114.671543,,,,32.889478
449,1839104,3424,0.045315,3,-14.252208,516.864367,0,1,0,1,1,113,12,2,99,0.106195,0.017699,0.008494,4.024416,0.002208,112.146229,,,,32.889478
450,1843200,3419,-0.343738,14,-15.945988,514.335073,1,7,1,4,1,99,10,5,84,0.101010,0.050505,0.004306,4.009163,-0.001092,339.545094,14.576662,107.814367,575.00,32.889478
451,1847296,3372,-0.087029,13,-21.660794,491.647720,2,4,3,4,0,107,7,1,99,0.065421,0.009346,0.002253,4.013139,-0.001481,180.076685,,,,32.889478
452,1851392,3368,-0.269593,14,-16.808034,488.425805,1,5,0,5,3,107,8,6,93,0.074766,0.056075,0.003282,4.019002,0.001292,393.036915,,,,32.889478
453,1855488,3363,0.054368,9,-21.520720,468.805447,3,3,0,3,0,96,16,1,79,0.166667,0.010417,0.002686,4.005384,-0.000984,164.442864,,,,32.889478
454,1859584,3359,-0.015711,6,-33.361672,472.241569,0,1,1,2,2,100,11,3,86,0.110000,0.030000,0.002923,4.021455,0.000115,221.357160,,,,32.889478
455,1863680,3355,0.006515,6,-27.861067,468.200745,0,3,2,0,1,81,10,1,70,0.123457,0.012346,0.005103,4.030088,-0.001593,125.766718,,,,32.889478
456,1867776,3350,-0.039985,13,-25.504933,459.496055,0,5,1,5,2,89,11,1,77,0.123596,0.011236,0.003804,4.030102,-0.000876,185.710686,,,,32.889478
457,1871872,3346,-0.001256,6,-24.473954,453.879783,1,2,1,2,0,89,13,1,75,0.146067,0.011236,0.005962,4.030491,-0.000318,89.216905,,,,32.889478
458,1875968,3342,0.011805,19,-22.709128,450.481278,2,8,0,7,2,93,13,0,80,0.139785,0.000000,0.006114,4.021633,0.000579,195.148296,,,,32.889478
459,1880064,3338,0.060689,4,-2.350525,483.408151,0,0,1,0,3,115,14,2,99,0.121739,0.017391,0.003536,4.019240,-0.001760,135.297061,,,,32.889478
460,1884160,3333,0.098520,7,5.006988,499.710193,1,1,0,1,4,110,11,2,97,0.100000,0.018182,0.004319,4.021404,-0.000531,131.569012,-40.344524,57.947802,475.12,32.889478
461,1888256,3297,0.054598,6,5.295867,485.789173,1,4,1,0,0,101,14,2,85,0.138614,0.019802,0.002000,4.038734,-0.000864,162.366454,,,,32.889478
462,1892352,3293,-0.209414,12,2.112887,472.643589,1,5,1,4,1,118,9,3,106,0.076271,0.025424,0.005892,4.036893,-0.000888,251.660680,,,,32.889478
463,1896448,3289,-0.094292,8,-11.497738,443.854230,1,4,1,2,0,97,6,1,90,0.061856,0.010309,0.005517,4.049562,-0.000260,101.779672,,,,32.889478
464,1900544,3285,-0.114873,12,-9.059061,455.443807,0,5,0,3,4,118,11,1,106,0.093220,0.008475,0.005565,4.028660,-0.001320,129.294474,,,,32.889478
465,1904640,3281,-0.133919,3,-23.053981,469.266093,1,1,0,1,0,109,11,5,93,0.100917,0.045872,0.006521,4.031581,-0.002419,232.850391,,,,32.889478
466,1908736,3277,-0.150685,9,-16.420229,498.861706,1,0,1,2,5,109,9,4,96,0.082569,0.036697,0.003305,4.036325,-0.001794,220.852825,,,,32.889478
467,1912832,3273,0.115903,2,-8.095365,545.975536,0,1,0,0,1,113,10,1,102,0.088496,0.008850,0.004731,4.045736,-0.001244,74.174773,,,,32.889478
468,1916928,3270,0.106171,5,-11.903963,562.357982,0,2,0,1,2,108,14,1,93,0.129630,0.009259,0.005855,4.067396,-0.002524,94.641871,,,,32.889478
469,1921024,3267,0.080313,4,-14.614488,573.247184,1,1,0,1,1,116,22,1,93,0.189655,0.008621,0.006470,4.067434,-0.001510,104.981912,,,,32.889478
470,1925120,3263,0.056673,10,-19.352511,584.032465,1,2,0,4,3,121,9,1,111,0.074380,0.008264,0.005429,4.073075,0.000339,131.977777,-30.488728,128.448657,567.50,32.889478
471,1929216,3222,-0.083469,6,-18.526645,583.695886,1,3,0,0,2,122,7,2,113,0.057377,0.016393,0.003202,4.074138,-0.002090,147.987712,,,,32.889478
472,1933312,3218,-0.086208,9,-17.682346,579.292964,0,3,1,1,4,119,11,3,105,0.092437,0.025210,0.007329,4.076468,-0.001878,215.322616,,,,32.889478
473,1937408,3215,0.015098,3,-17.043071,543.263667,0,2,0,1,0,119,11,3,105,0.092437,0.025210,0.005105,4.085075,-0.001662,191.661769,,,,32.889478
474,1941504,3212,-0.128489,12,-12.358642,558.603967,0,5,1,0,6,136,13,4,119,0.095588,0.029412,0.004255,4.087096,-0.002261,223.241944,,,,32.889478
475,1945600,3208,0.169699,4,-4.887366,565.718571,0,2,0,0,2,127,15,1,111,0.118110,0.007874,0.004550,4.099815,-0.000631,96.249992,,,,32.889478
476,1949696,3205,-0.246844,10,-4.561685,575.076713,2,1,2,2,3,122,7,6,109,0.057377,0.049180,0.006878,4.098846,-0.002700,377.034366,,,,32.889478
477,1953792,3201,-0.320491,13,-16.826383,559.792119,1,5,4,2,1,121,12,7,102,0.099174,0.057851,0.003779,4.112394,-0.002201,535.118927,,,,32.889478
478,1957888,3198,0.067673,8,-18.065180,563.087907,0,3,0,3,2,115,13,1,101,0.113043,0.008696,0.006684,4.116676,-0.001152,132.192092,,,,32.889478
479,1961984,3195,-0.275895,14,-24.462237,537.157688,2,11,1,0,0,133,15,2,116,0.112782,0.015038,0.005511,4.112881,-0.000553,268.317268,,,,32.889478
480,1966080,3191,-0.309510,15,-25.605308,518.521919,2,6,3,2,2,126,8,4,114,0.063492,0.031746,0.039900,4.124371,-0.003678,301.870088,-47.073431,36.909459,547.50,32.889478
481,1970176,3155,-0.166001,7,-38.414017,493.798299,0,3,3,1,0,142,7,3,132,0.049296,0.021127,0.004927,4.121432,-0.002028,270.436578,,,,32.889478
482,1974272,3151,-0.260906,12,-42.378974,482.735135,1,5,3,2,1,130,11,5,114,0.084615,0.038462,0.002753,4.126784,-0.000136,358.087595,,,,32.889478
483,1978368,3148,-0.128887,12,-46.651183,462.286622,3,6,2,1,0,139,21,3,115,0.151079,0.021583,0.008973,4.117913,-0.002710,323.922230,,,,32.889478
484,1982464,3145,0.232710,5,-36.262796,485.697960,1,2,0,1,1,124,19,0,105,0.153226,0.000000,0.007340,4.121315,-0.000265,75.283401,,,,32.889478
485,1986560,3142,-0.024056,7,-31.005826,485.413878,1,3,0,2,1,136,16,2,118,0.117647,0.014706,0.005357,4.110368,0.000539,172.152559,,,,32.889478
486,1990656,3139,-0.171248,13,-35.717302,480.372490,3,2,3,4,1,128,13,2,113,0.101562,0.015625,0.002650,4.124193,-0.000000,311.617180,,,,32.889478
487,1994752,3136,-0.045733,5,-35.646442,481.455241,1,1,1,2,0,119,12,4,103,0.100840,0.033613,0.003673,4.132902,-0.001393,241.745395,,,,32.889478
488,1998848,3133,-0.249338,10,-38.156087,474.999717,2,4,2,2,0,125,10,3,112,0.080000,0.024000,0.005247,4.126793,0.001891,250.372900,-43.255813,124.346706,656.00,32.889478
